[
    {
        "id": "1",
        "name": "Hydrogen",
        "progress": "10%",
        "color": "lightblue",
        "discoverer": "Curie"
    },
    {
        "id": "2",
        "name": "Helium",
        "progress": "20%",
        "color": "lightgreen",
        "discoverer": "Rutherford"
    },
    {
        "id": "3",
        "name": "Lithium",
        "progress": "30%",
        "color": "lightpink",
        "discoverer": "Einstein"
    },
    {
        "id": "4",
        "name": "Beryllium",
        "progress": "40%",
        "color": "lightcoral",
        "discoverer": "Bohr"
    },
    {
        "id": "5",
        "name": "Boron",
        "progress": "50%",
        "color": "lightyellow",
        "discoverer": "Heisenberg"
    },
    {
        "id": "6",
        "name": "Carbon",
        "progress": "60%",
        "color": "lightgray",
        "discoverer": "Fermi"
    },
    {
        "id": "7",
        "name": "Nitrogen",
        "progress": "70%",
        "color": "lightcyan",
        "discoverer": "Maxwell"
    },
    {
        "id": "8",
        "name": "Oxygen",
        "progress": "80%",
        "color": "lightseagreen",
        "discoverer": "Dirac"
    },
    {
        "id": "9",
        "name": "Fluorine",
        "progress": "90%",
        "color": "lightgoldenrodyellow",
        "discoverer": "Planck"
    },
    {
        "id": "10",
        "name": "Neon",
        "progress": "100%",
        "color": "lightsteelblue",
        "discoverer": "Pauli"
    },
    {
        "id": "11",
        "name": "Sodium",
        "progress": "15%",
        "color": "lightsalmon",
        "discoverer": "Curie"
    },
    {
        "id": "12",
        "name": "Magnesium",
        "progress": "25%",
        "color": "lightcoral",
        "discoverer": "Rutherford"
    },
    {
        "id": "13",
        "name": "Aluminum",
        "progress": "35%",
        "color": "lightgreen",
        "discoverer": "Einstein"
    },
    {
        "id": "14",
        "name": "Silicon",
        "progress": "45%",
        "color": "lightpink",
        "discoverer": "Bohr"
    },
    {
        "id": "15",
        "name": "Phosphorus",
        "progress": "55%",
        "color": "lightskyblue",
        "discoverer": "Heisenberg"
    },
    {
        "id": "16",
        "name": "Sulfur",
        "progress": "65%",
        "color": "lightslategrey",
        "discoverer": "Fermi"
    },
    {
        "id": "17",
        "name": "Chlorine",
        "progress": "75%",
        "color": "lightyellow",
        "discoverer": "Maxwell"
    },
    {
        "id": "18",
        "name": "Argon",
        "progress": "85%",
        "color": "lightblue",
        "discoverer": "Dirac"
    },
    {
        "id": "19",
        "name": "Potassium",
        "progress": "95%",
        "color": "lightgreen",
        "discoverer": "Planck"
    },
    {
        "id": "20",
        "name": "Calcium",
        "progress": "50%",
        "color": "lightcoral",
        "discoverer": "Pauli"
    },
    {
        "id": "21",
        "name": "Scandium",
        "progress": "60%",
        "color": "lightpink",
        "discoverer": "Curie"
    },
    {
        "id": "22",
        "name": "Titanium",
        "progress": "70%",
        "color": "lightseagreen",
        "discoverer": "Rutherford"
    },
    {
        "id": "23",
        "name": "Vanadium",
        "progress": "80%",
        "color": "lightcyan",
        "discoverer": "Einstein"
    },
    {
        "id": "24",
        "name": "Chromium",
        "progress": "90%",
        "color": "lightsteelblue",
        "discoverer": "Bohr"
    },
    {
        "id": "25",
        "name": "Manganese",
        "progress": "100%",
        "color": "lightgoldenrodyellow",
        "discoverer": "Heisenberg"
    },
    {
        "id": "26",
        "name": "Iron",
        "progress": "20%",
        "color": "lightyellow",
        "discoverer": "Fermi"
    },
    {
        "id": "27",
        "name": "Cobalt",
        "progress": "30%",
        "color": "lightblue",
        "discoverer": "Maxwell"
    },
    {
        "id": "28",
        "name": "Nickel",
        "progress": "40%",
        "color": "lightgreen",
        "discoverer": "Dirac"
    },
    {
        "id": "29",
        "name": "Copper",
        "progress": "50%",
        "color": "lightcoral",
        "discoverer": "Planck"
    },
    {
        "id": "30",
        "name": "Zinc",
        "progress": "60%",
        "color": "lightgray",
        "discoverer": "Pauli"
    }
]